id,Response,Question,id_Caso
44,5,initial_confidence,G1
48,4,initial_confidence,G1
49,5,initial_confidence,G1
50,4,initial_confidence,G1
51,3,initial_confidence,G1
52,5,initial_confidence,G1
53,4,initial_confidence,G1
54,3,initial_confidence,G1
55,4,initial_confidence,G1
56,2,initial_confidence,G1
57,3,initial_confidence,G1
59,3,initial_confidence,G1
62,5,initial_confidence,G1
63,5,initial_confidence,G1
65,1,initial_confidence,G1
68,3,initial_confidence,G1
44,5,complexity_perceived,G1
48,4,complexity_perceived,G1
49,4,complexity_perceived,G1
50,4,complexity_perceived,G1
51,3,complexity_perceived,G1
52,3,complexity_perceived,G1
53,3,complexity_perceived,G1
54,4,complexity_perceived,G1
55,4,complexity_perceived,G1
56,4,complexity_perceived,G1
57,3,complexity_perceived,G1
59,3,complexity_perceived,G1
62,4,complexity_perceived,G1
63,2,complexity_perceived,G1
65,4,complexity_perceived,G1
68,5,complexity_perceived,G1
44,5,final_confidence,G1
48,4,final_confidence,G1
49,5,final_confidence,G1
50,5,final_confidence,G1
51,2,final_confidence,G1
52,5,final_confidence,G1
53,3,final_confidence,G1
54,3,final_confidence,G1
55,4,final_confidence,G1
56,2,final_confidence,G1
57,3,final_confidence,G1
59,3,final_confidence,G1
62,5,final_confidence,G1
63,5,final_confidence,G1
65,4,final_confidence,G1
68,5,final_confidence,G1
44,3,utility,G1
48,2,utility,G1
49,3,utility,G1
50,2,utility,G1
51,2,utility,G1
52,5,utility,G1
53,4,utility,G1
54,2,utility,G1
55,2,utility,G1
56,2,utility,G1
57,3,utility,G1
59,1,utility,G1
62,4,utility,G1
63,2,utility,G1
65,5,utility,G1
68,5,utility,G1
44,1,Ground_truth,G1
48,1,Ground_truth,G1
49,1,Ground_truth,G1
50,1,Ground_truth,G1
51,1,Ground_truth,G1
52,1,Ground_truth,G1
53,1,Ground_truth,G1
54,1,Ground_truth,G1
55,1,Ground_truth,G1
56,1,Ground_truth,G1
57,1,Ground_truth,G1
59,1,Ground_truth,G1
62,1,Ground_truth,G1
63,1,Ground_truth,G1
65,1,Ground_truth,G1
68,1,Ground_truth,G1
44,0,reliance_pattern,G1
48,0,reliance_pattern,G1
49,1,reliance_pattern,G1
50,0,reliance_pattern,G1
51,1,reliance_pattern,G1
52,1,reliance_pattern,G1
53,1,reliance_pattern,G1
54,0,reliance_pattern,G1
55,1,reliance_pattern,G1
56,1,reliance_pattern,G1
57,1,reliance_pattern,G1
59,0,reliance_pattern,G1
62,0,reliance_pattern,G1
63,0,reliance_pattern,G1
65,1,reliance_pattern,G1
68,0,reliance_pattern,G1
44,6,initial_confidence,G2
48,5,initial_confidence,G2
49,5,initial_confidence,G2
50,5,initial_confidence,G2
51,5,initial_confidence,G2
52,5,initial_confidence,G2
53,5,initial_confidence,G2
54,4,initial_confidence,G2
55,6,initial_confidence,G2
56,4,initial_confidence,G2
57,4,initial_confidence,G2
59,6,initial_confidence,G2
62,5,initial_confidence,G2
63,3,initial_confidence,G2
65,3,initial_confidence,G2
68,3,initial_confidence,G2
44,3,complexity_perceived,G2
48,1,complexity_perceived,G2
49,4,complexity_perceived,G2
50,3,complexity_perceived,G2
51,2,complexity_perceived,G2
52,3,complexity_perceived,G2
53,2,complexity_perceived,G2
54,2,complexity_perceived,G2
55,2,complexity_perceived,G2
56,2,complexity_perceived,G2
57,3,complexity_perceived,G2
59,1,complexity_perceived,G2
62,3,complexity_perceived,G2
63,4,complexity_perceived,G2
65,3,complexity_perceived,G2
68,4,complexity_perceived,G2
44,3,final_confidence,G2
48,5,final_confidence,G2
49,5,final_confidence,G2
50,5,final_confidence,G2
51,3,final_confidence,G2
52,5,final_confidence,G2
53,5,final_confidence,G2
54,4,final_confidence,G2
55,5,final_confidence,G2
56,4,final_confidence,G2
57,3,final_confidence,G2
59,6,final_confidence,G2
62,5,final_confidence,G2
63,3,final_confidence,G2
65,4,final_confidence,G2
68,4,final_confidence,G2
44,3,utility,G2
48,1,utility,G2
49,4,utility,G2
50,2,utility,G2
51,2,utility,G2
52,3,utility,G2
53,3,utility,G2
54,4,utility,G2
55,1,utility,G2
56,3,utility,G2
57,3,utility,G2
59,1,utility,G2
62,4,utility,G2
63,4,utility,G2
65,4,utility,G2
68,1,utility,G2
44,0,Ground_truth,G2
48,0,Ground_truth,G2
49,0,Ground_truth,G2
50,0,Ground_truth,G2
51,0,Ground_truth,G2
52,0,Ground_truth,G2
53,0,Ground_truth,G2
54,0,Ground_truth,G2
55,0,Ground_truth,G2
56,0,Ground_truth,G2
57,0,Ground_truth,G2
59,0,Ground_truth,G2
62,0,Ground_truth,G2
63,0,Ground_truth,G2
65,0,Ground_truth,G2
68,0,Ground_truth,G2
44,1,reliance_pattern,G2
48,1,reliance_pattern,G2
49,0,reliance_pattern,G2
50,1,reliance_pattern,G2
51,0,reliance_pattern,G2
52,1,reliance_pattern,G2
53,0,reliance_pattern,G2
54,0,reliance_pattern,G2
55,0,reliance_pattern,G2
56,0,reliance_pattern,G2
57,0,reliance_pattern,G2
59,1,reliance_pattern,G2
62,1,reliance_pattern,G2
63,0,reliance_pattern,G2
65,1,reliance_pattern,G2
68,1,reliance_pattern,G2
44,6,initial_confidence,G3
48,6,initial_confidence,G3
49,5,initial_confidence,G3
50,3,initial_confidence,G3
51,3,initial_confidence,G3
52,5,initial_confidence,G3
53,5,initial_confidence,G3
54,4,initial_confidence,G3
55,4,initial_confidence,G3
56,4,initial_confidence,G3
57,4,initial_confidence,G3
59,6,initial_confidence,G3
62,5,initial_confidence,G3
63,4,initial_confidence,G3
65,4,initial_confidence,G3
68,5,initial_confidence,G3
44,2,complexity_perceived,G3
48,1,complexity_perceived,G3
49,3,complexity_perceived,G3
50,5,complexity_perceived,G3
51,4,complexity_perceived,G3
52,4,complexity_perceived,G3
53,3,complexity_perceived,G3
54,2,complexity_perceived,G3
55,3,complexity_perceived,G3
56,2,complexity_perceived,G3
57,3,complexity_perceived,G3
59,1,complexity_perceived,G3
62,3,complexity_perceived,G3
63,4,complexity_perceived,G3
65,2,complexity_perceived,G3
68,4,complexity_perceived,G3
44,6,final_confidence,G3
48,6,final_confidence,G3
49,5,final_confidence,G3
50,3,final_confidence,G3
51,3,final_confidence,G3
52,4,final_confidence,G3
53,3,final_confidence,G3
54,4,final_confidence,G3
55,5,final_confidence,G3
56,3,final_confidence,G3
57,3,final_confidence,G3
59,6,final_confidence,G3
62,5,final_confidence,G3
63,3,final_confidence,G3
65,5,final_confidence,G3
68,5,final_confidence,G3
44,1,utility,G3
48,4,utility,G3
49,2,utility,G3
50,2,utility,G3
51,3,utility,G3
52,3,utility,G3
53,4,utility,G3
54,2,utility,G3
55,2,utility,G3
56,2,utility,G3
57,2,utility,G3
59,1,utility,G3
62,4,utility,G3
63,4,utility,G3
65,4,utility,G3
68,5,utility,G3
44,1,Ground_truth,G3
48,1,Ground_truth,G3
49,1,Ground_truth,G3
50,1,Ground_truth,G3
51,1,Ground_truth,G3
52,1,Ground_truth,G3
53,1,Ground_truth,G3
54,1,Ground_truth,G3
55,1,Ground_truth,G3
56,1,Ground_truth,G3
57,1,Ground_truth,G3
59,1,Ground_truth,G3
62,1,Ground_truth,G3
63,1,Ground_truth,G3
65,1,Ground_truth,G3
68,1,Ground_truth,G3
44,1,reliance_pattern,G3
48,1,reliance_pattern,G3
49,1,reliance_pattern,G3
50,1,reliance_pattern,G3
51,0,reliance_pattern,G3
52,1,reliance_pattern,G3
53,0,reliance_pattern,G3
54,1,reliance_pattern,G3
55,1,reliance_pattern,G3
56,1,reliance_pattern,G3
57,1,reliance_pattern,G3
59,1,reliance_pattern,G3
62,1,reliance_pattern,G3
63,1,reliance_pattern,G3
65,1,reliance_pattern,G3
68,1,reliance_pattern,G3
44,6,initial_confidence,G4
48,6,initial_confidence,G4
49,5,initial_confidence,G4
50,6,initial_confidence,G4
51,5,initial_confidence,G4
52,2,initial_confidence,G4
53,5,initial_confidence,G4
54,4,initial_confidence,G4
55,6,initial_confidence,G4
56,4,initial_confidence,G4
57,5,initial_confidence,G4
59,6,initial_confidence,G4
62,6,initial_confidence,G4
63,4,initial_confidence,G4
65,5,initial_confidence,G4
68,5,initial_confidence,G4
44,1,complexity_perceived,G4
48,1,complexity_perceived,G4
49,4,complexity_perceived,G4
50,2,complexity_perceived,G4
51,1,complexity_perceived,G4
52,5,complexity_perceived,G4
53,2,complexity_perceived,G4
54,1,complexity_perceived,G4
55,2,complexity_perceived,G4
56,1,complexity_perceived,G4
57,3,complexity_perceived,G4
59,1,complexity_perceived,G4
62,3,complexity_perceived,G4
63,4,complexity_perceived,G4
65,1,complexity_perceived,G4
68,2,complexity_perceived,G4
44,6,final_confidence,G4
48,6,final_confidence,G4
49,5,final_confidence,G4
50,6,final_confidence,G4
51,5,final_confidence,G4
52,4,final_confidence,G4
53,5,final_confidence,G4
54,4,final_confidence,G4
55,6,final_confidence,G4
56,4,final_confidence,G4
57,4,final_confidence,G4
59,6,final_confidence,G4
62,6,final_confidence,G4
63,4,final_confidence,G4
65,5,final_confidence,G4
68,6,final_confidence,G4
44,2,utility,G4
48,3,utility,G4
49,2,utility,G4
50,3,utility,G4
51,1,utility,G4
52,4,utility,G4
53,4,utility,G4
54,2,utility,G4
55,1,utility,G4
56,3,utility,G4
57,2,utility,G4
59,1,utility,G4
62,3,utility,G4
63,4,utility,G4
65,2,utility,G4
68,3,utility,G4
44,1,Ground_truth,G4
48,1,Ground_truth,G4
49,1,Ground_truth,G4
50,1,Ground_truth,G4
51,1,Ground_truth,G4
52,1,Ground_truth,G4
53,1,Ground_truth,G4
54,1,Ground_truth,G4
55,1,Ground_truth,G4
56,1,Ground_truth,G4
57,1,Ground_truth,G4
59,1,Ground_truth,G4
62,1,Ground_truth,G4
63,1,Ground_truth,G4
65,1,Ground_truth,G4
68,1,Ground_truth,G4
44,1,reliance_pattern,G4
48,1,reliance_pattern,G4
49,1,reliance_pattern,G4
50,1,reliance_pattern,G4
51,1,reliance_pattern,G4
52,1,reliance_pattern,G4
53,1,reliance_pattern,G4
54,1,reliance_pattern,G4
55,1,reliance_pattern,G4
56,1,reliance_pattern,G4
57,1,reliance_pattern,G4
59,1,reliance_pattern,G4
62,1,reliance_pattern,G4
63,1,reliance_pattern,G4
65,1,reliance_pattern,G4
68,1,reliance_pattern,G4
44,5,initial_confidence,G5
48,5,initial_confidence,G5
49,2,initial_confidence,G5
50,4,initial_confidence,G5
51,6,initial_confidence,G5
52,4,initial_confidence,G5
53,4,initial_confidence,G5
54,2,initial_confidence,G5
55,5,initial_confidence,G5
56,4,initial_confidence,G5
57,5,initial_confidence,G5
59,6,initial_confidence,G5
62,5,initial_confidence,G5
63,6,initial_confidence,G5
65,5,initial_confidence,G5
68,4,initial_confidence,G5
44,3,complexity_perceived,G5
48,3,complexity_perceived,G5
49,5,complexity_perceived,G5
50,4,complexity_perceived,G5
51,1,complexity_perceived,G5
52,3,complexity_perceived,G5
53,3,complexity_perceived,G5
54,4,complexity_perceived,G5
55,2,complexity_perceived,G5
56,2,complexity_perceived,G5
57,2,complexity_perceived,G5
59,2,complexity_perceived,G5
62,3,complexity_perceived,G5
63,2,complexity_perceived,G5
65,1,complexity_perceived,G5
68,3,complexity_perceived,G5
44,6,final_confidence,G5
48,5,final_confidence,G5
49,2,final_confidence,G5
50,4,final_confidence,G5
51,6,final_confidence,G5
52,5,final_confidence,G5
53,4,final_confidence,G5
54,4,final_confidence,G5
55,5,final_confidence,G5
56,3,final_confidence,G5
57,5,final_confidence,G5
59,6,final_confidence,G5
62,5,final_confidence,G5
63,6,final_confidence,G5
65,5,final_confidence,G5
68,5,final_confidence,G5
44,3,utility,G5
48,2,utility,G5
49,2,utility,G5
50,2,utility,G5
51,2,utility,G5
52,3,utility,G5
53,5,utility,G5
54,4,utility,G5
55,2,utility,G5
56,3,utility,G5
57,3,utility,G5
59,2,utility,G5
62,3,utility,G5
63,2,utility,G5
65,1,utility,G5
68,5,utility,G5
44,0,Ground_truth,G5
48,0,Ground_truth,G5
49,0,Ground_truth,G5
50,0,Ground_truth,G5
51,0,Ground_truth,G5
52,0,Ground_truth,G5
53,0,Ground_truth,G5
54,0,Ground_truth,G5
55,0,Ground_truth,G5
56,0,Ground_truth,G5
57,0,Ground_truth,G5
59,0,Ground_truth,G5
62,0,Ground_truth,G5
63,0,Ground_truth,G5
65,0,Ground_truth,G5
68,0,Ground_truth,G5
44,1,reliance_pattern,G5
48,1,reliance_pattern,G5
49,0,reliance_pattern,G5
50,1,reliance_pattern,G5
51,1,reliance_pattern,G5
52,1,reliance_pattern,G5
53,1,reliance_pattern,G5
54,1,reliance_pattern,G5
55,1,reliance_pattern,G5
56,1,reliance_pattern,G5
57,1,reliance_pattern,G5
59,1,reliance_pattern,G5
62,1,reliance_pattern,G5
63,1,reliance_pattern,G5
65,1,reliance_pattern,G5
68,1,reliance_pattern,G5
44,4,initial_confidence,G6
48,3,initial_confidence,G6
49,5,initial_confidence,G6
50,5,initial_confidence,G6
51,5,initial_confidence,G6
52,4,initial_confidence,G6
53,5,initial_confidence,G6
54,3,initial_confidence,G6
55,5,initial_confidence,G6
56,4,initial_confidence,G6
57,3,initial_confidence,G6
59,5,initial_confidence,G6
62,5,initial_confidence,G6
63,4,initial_confidence,G6
65,2,initial_confidence,G6
68,3,initial_confidence,G6
44,5,complexity_perceived,G6
48,5,complexity_perceived,G6
49,3,complexity_perceived,G6
50,2,complexity_perceived,G6
51,1,complexity_perceived,G6
52,3,complexity_perceived,G6
53,3,complexity_perceived,G6
54,2,complexity_perceived,G6
55,2,complexity_perceived,G6
56,2,complexity_perceived,G6
57,3,complexity_perceived,G6
59,4,complexity_perceived,G6
62,4,complexity_perceived,G6
63,3,complexity_perceived,G6
65,4,complexity_perceived,G6
68,5,complexity_perceived,G6
44,5,final_confidence,G6
48,4,final_confidence,G6
49,5,final_confidence,G6
50,5,final_confidence,G6
51,5,final_confidence,G6
52,4,final_confidence,G6
53,5,final_confidence,G6
54,3,final_confidence,G6
55,5,final_confidence,G6
56,4,final_confidence,G6
57,4,final_confidence,G6
59,4,final_confidence,G6
62,4,final_confidence,G6
63,4,final_confidence,G6
65,4,final_confidence,G6
68,5,final_confidence,G6
44,5,utility,G6
48,5,utility,G6
49,2,utility,G6
50,2,utility,G6
51,4,utility,G6
52,2,utility,G6
53,3,utility,G6
54,4,utility,G6
55,1,utility,G6
56,3,utility,G6
57,2,utility,G6
59,3,utility,G6
62,4,utility,G6
63,3,utility,G6
65,4,utility,G6
68,5,utility,G6
44,1,Ground_truth,G6
48,1,Ground_truth,G6
49,1,Ground_truth,G6
50,1,Ground_truth,G6
51,1,Ground_truth,G6
52,1,Ground_truth,G6
53,1,Ground_truth,G6
54,1,Ground_truth,G6
55,1,Ground_truth,G6
56,1,Ground_truth,G6
57,1,Ground_truth,G6
59,1,Ground_truth,G6
62,1,Ground_truth,G6
63,1,Ground_truth,G6
65,1,Ground_truth,G6
68,1,Ground_truth,G6
44,1,reliance_pattern,G6
48,1,reliance_pattern,G6
49,1,reliance_pattern,G6
50,1,reliance_pattern,G6
51,1,reliance_pattern,G6
52,1,reliance_pattern,G6
53,1,reliance_pattern,G6
54,1,reliance_pattern,G6
55,1,reliance_pattern,G6
56,1,reliance_pattern,G6
57,1,reliance_pattern,G6
59,1,reliance_pattern,G6
62,1,reliance_pattern,G6
63,1,reliance_pattern,G6
65,1,reliance_pattern,G6
68,1,reliance_pattern,G6
44,6,initial_confidence,G7
48,6,initial_confidence,G7
49,6,initial_confidence,G7
50,6,initial_confidence,G7
51,5,initial_confidence,G7
52,5,initial_confidence,G7
53,5,initial_confidence,G7
54,6,initial_confidence,G7
55,6,initial_confidence,G7
56,5,initial_confidence,G7
57,6,initial_confidence,G7
59,6,initial_confidence,G7
62,5,initial_confidence,G7
63,4,initial_confidence,G7
65,6,initial_confidence,G7
68,5,initial_confidence,G7
44,2,complexity_perceived,G7
48,1,complexity_perceived,G7
49,2,complexity_perceived,G7
50,2,complexity_perceived,G7
51,1,complexity_perceived,G7
52,3,complexity_perceived,G7
53,2,complexity_perceived,G7
54,2,complexity_perceived,G7
55,1,complexity_perceived,G7
56,1,complexity_perceived,G7
57,2,complexity_perceived,G7
59,1,complexity_perceived,G7
62,3,complexity_perceived,G7
63,3,complexity_perceived,G7
65,1,complexity_perceived,G7
68,2,complexity_perceived,G7
44,6,final_confidence,G7
48,6,final_confidence,G7
49,6,final_confidence,G7
50,6,final_confidence,G7
51,5,final_confidence,G7
52,5,final_confidence,G7
53,5,final_confidence,G7
54,5,final_confidence,G7
55,6,final_confidence,G7
56,5,final_confidence,G7
57,6,final_confidence,G7
59,6,final_confidence,G7
62,6,final_confidence,G7
63,4,final_confidence,G7
65,6,final_confidence,G7
68,6,final_confidence,G7
44,3,utility,G7
48,4,utility,G7
49,3,utility,G7
50,3,utility,G7
51,2,utility,G7
52,4,utility,G7
53,2,utility,G7
54,1,utility,G7
55,1,utility,G7
56,1,utility,G7
57,2,utility,G7
59,1,utility,G7
62,3,utility,G7
63,3,utility,G7
65,1,utility,G7
68,3,utility,G7
44,1,Ground_truth,G7
48,1,Ground_truth,G7
49,1,Ground_truth,G7
50,1,Ground_truth,G7
51,1,Ground_truth,G7
52,1,Ground_truth,G7
53,1,Ground_truth,G7
54,1,Ground_truth,G7
55,1,Ground_truth,G7
56,1,Ground_truth,G7
57,1,Ground_truth,G7
59,1,Ground_truth,G7
62,1,Ground_truth,G7
63,1,Ground_truth,G7
65,1,Ground_truth,G7
68,1,Ground_truth,G7
44,1,reliance_pattern,G7
48,1,reliance_pattern,G7
49,1,reliance_pattern,G7
50,1,reliance_pattern,G7
51,1,reliance_pattern,G7
52,1,reliance_pattern,G7
53,1,reliance_pattern,G7
54,1,reliance_pattern,G7
55,1,reliance_pattern,G7
56,1,reliance_pattern,G7
57,1,reliance_pattern,G7
59,1,reliance_pattern,G7
62,1,reliance_pattern,G7
63,1,reliance_pattern,G7
65,1,reliance_pattern,G7
68,1,reliance_pattern,G7
44,5,initial_confidence,G8
48,5,initial_confidence,G8
49,6,initial_confidence,G8
50,3,initial_confidence,G8
51,3,initial_confidence,G8
52,5,initial_confidence,G8
53,4,initial_confidence,G8
54,3,initial_confidence,G8
55,4,initial_confidence,G8
56,3,initial_confidence,G8
57,3,initial_confidence,G8
59,6,initial_confidence,G8
62,4,initial_confidence,G8
63,5,initial_confidence,G8
65,2,initial_confidence,G8
68,4,initial_confidence,G8
44,4,complexity_perceived,G8
48,4,complexity_perceived,G8
49,3,complexity_perceived,G8
50,4,complexity_perceived,G8
51,3,complexity_perceived,G8
52,4,complexity_perceived,G8
53,3,complexity_perceived,G8
54,4,complexity_perceived,G8
55,3,complexity_perceived,G8
56,3,complexity_perceived,G8
57,4,complexity_perceived,G8
59,1,complexity_perceived,G8
62,4,complexity_perceived,G8
63,2,complexity_perceived,G8
65,4,complexity_perceived,G8
68,4,complexity_perceived,G8
44,6,final_confidence,G8
48,5,final_confidence,G8
49,6,final_confidence,G8
50,4,final_confidence,G8
51,4,final_confidence,G8
52,5,final_confidence,G8
53,4,final_confidence,G8
54,4,final_confidence,G8
55,3,final_confidence,G8
56,3,final_confidence,G8
57,4,final_confidence,G8
59,6,final_confidence,G8
62,4,final_confidence,G8
63,5,final_confidence,G8
65,3,final_confidence,G8
68,4,final_confidence,G8
44,4,utility,G8
48,4,utility,G8
49,2,utility,G8
50,3,utility,G8
51,3,utility,G8
52,5,utility,G8
53,4,utility,G8
54,4,utility,G8
55,1,utility,G8
56,2,utility,G8
57,4,utility,G8
59,1,utility,G8
62,3,utility,G8
63,2,utility,G8
65,4,utility,G8
68,2,utility,G8
44,1,Ground_truth,G8
48,1,Ground_truth,G8
49,1,Ground_truth,G8
50,1,Ground_truth,G8
51,1,Ground_truth,G8
52,1,Ground_truth,G8
53,1,Ground_truth,G8
54,1,Ground_truth,G8
55,1,Ground_truth,G8
56,1,Ground_truth,G8
57,1,Ground_truth,G8
59,1,Ground_truth,G8
62,1,Ground_truth,G8
63,1,Ground_truth,G8
65,1,Ground_truth,G8
68,1,Ground_truth,G8
44,1,reliance_pattern,G8
48,1,reliance_pattern,G8
49,1,reliance_pattern,G8
50,1,reliance_pattern,G8
51,0,reliance_pattern,G8
52,1,reliance_pattern,G8
53,1,reliance_pattern,G8
54,1,reliance_pattern,G8
55,0,reliance_pattern,G8
56,1,reliance_pattern,G8
57,0,reliance_pattern,G8
59,1,reliance_pattern,G8
62,1,reliance_pattern,G8
63,1,reliance_pattern,G8
65,1,reliance_pattern,G8
68,1,reliance_pattern,G8
44,4,initial_confidence,G9
48,3,initial_confidence,G9
49,5,initial_confidence,G9
50,5,initial_confidence,G9
51,4,initial_confidence,G9
52,4,initial_confidence,G9
53,3,initial_confidence,G9
54,4,initial_confidence,G9
55,4,initial_confidence,G9
56,5,initial_confidence,G9
57,4,initial_confidence,G9
59,6,initial_confidence,G9
62,5,initial_confidence,G9
63,4,initial_confidence,G9
65,4,initial_confidence,G9
68,2,initial_confidence,G9
44,5,complexity_perceived,G9
48,4,complexity_perceived,G9
49,2,complexity_perceived,G9
50,2,complexity_perceived,G9
51,3,complexity_perceived,G9
52,5,complexity_perceived,G9
53,3,complexity_perceived,G9
54,2,complexity_perceived,G9
55,3,complexity_perceived,G9
56,1,complexity_perceived,G9
57,3,complexity_perceived,G9
59,3,complexity_perceived,G9
62,4,complexity_perceived,G9
63,3,complexity_perceived,G9
65,3,complexity_perceived,G9
68,4,complexity_perceived,G9
44,4,final_confidence,G9
48,4,final_confidence,G9
49,5,final_confidence,G9
50,6,final_confidence,G9
51,3,final_confidence,G9
52,5,final_confidence,G9
53,4,final_confidence,G9
54,4,final_confidence,G9
55,4,final_confidence,G9
56,5,final_confidence,G9
57,5,final_confidence,G9
59,6,final_confidence,G9
62,4,final_confidence,G9
63,5,final_confidence,G9
65,4,final_confidence,G9
68,3,final_confidence,G9
44,4,utility,G9
48,4,utility,G9
49,3,utility,G9
50,4,utility,G9
51,1,utility,G9
52,5,utility,G9
53,4,utility,G9
54,2,utility,G9
55,3,utility,G9
56,1,utility,G9
57,4,utility,G9
59,1,utility,G9
62,3,utility,G9
63,2,utility,G9
65,5,utility,G9
68,5,utility,G9
44,1,Ground_truth,G9
48,1,Ground_truth,G9
49,1,Ground_truth,G9
50,1,Ground_truth,G9
51,1,Ground_truth,G9
52,1,Ground_truth,G9
53,1,Ground_truth,G9
54,1,Ground_truth,G9
55,1,Ground_truth,G9
56,1,Ground_truth,G9
57,1,Ground_truth,G9
59,1,Ground_truth,G9
62,1,Ground_truth,G9
63,1,Ground_truth,G9
65,1,Ground_truth,G9
68,1,Ground_truth,G9
44,1,reliance_pattern,G9
48,0,reliance_pattern,G9
49,1,reliance_pattern,G9
50,1,reliance_pattern,G9
51,1,reliance_pattern,G9
52,1,reliance_pattern,G9
53,1,reliance_pattern,G9
54,1,reliance_pattern,G9
55,1,reliance_pattern,G9
56,1,reliance_pattern,G9
57,1,reliance_pattern,G9
59,1,reliance_pattern,G9
62,1,reliance_pattern,G9
63,1,reliance_pattern,G9
65,0,reliance_pattern,G9
68,0,reliance_pattern,G9
44,5,initial_confidence,G10
48,4,initial_confidence,G10
49,3,initial_confidence,G10
50,3,initial_confidence,G10
51,4,initial_confidence,G10
52,4,initial_confidence,G10
53,4,initial_confidence,G10
54,3,initial_confidence,G10
55,4,initial_confidence,G10
56,2,initial_confidence,G10
57,3,initial_confidence,G10
59,2,initial_confidence,G10
62,5,initial_confidence,G10
63,4,initial_confidence,G10
65,4,initial_confidence,G10
68,4,initial_confidence,G10
44,3,complexity_perceived,G10
48,4,complexity_perceived,G10
49,4,complexity_perceived,G10
50,3,complexity_perceived,G10
51,3,complexity_perceived,G10
52,4,complexity_perceived,G10
53,2,complexity_perceived,G10
54,5,complexity_perceived,G10
55,3,complexity_perceived,G10
56,5,complexity_perceived,G10
57,4,complexity_perceived,G10
59,5,complexity_perceived,G10
62,3,complexity_perceived,G10
63,2,complexity_perceived,G10
65,4,complexity_perceived,G10
68,4,complexity_perceived,G10
44,5,final_confidence,G10
48,4,final_confidence,G10
49,4,final_confidence,G10
50,4,final_confidence,G10
51,2,final_confidence,G10
52,5,final_confidence,G10
53,4,final_confidence,G10
54,5,final_confidence,G10
55,5,final_confidence,G10
56,4,final_confidence,G10
57,3,final_confidence,G10
59,2,final_confidence,G10
62,5,final_confidence,G10
63,5,final_confidence,G10
65,4,final_confidence,G10
68,4,final_confidence,G10
44,3,utility,G10
48,5,utility,G10
49,1,utility,G10
50,3,utility,G10
51,4,utility,G10
52,4,utility,G10
53,2,utility,G10
54,4,utility,G10
55,1,utility,G10
56,5,utility,G10
57,2,utility,G10
59,1,utility,G10
62,3,utility,G10
63,2,utility,G10
65,1,utility,G10
68,1,utility,G10
44,0,Ground_truth,G10
48,0,Ground_truth,G10
49,0,Ground_truth,G10
50,0,Ground_truth,G10
51,0,Ground_truth,G10
52,0,Ground_truth,G10
53,0,Ground_truth,G10
54,0,Ground_truth,G10
55,0,Ground_truth,G10
56,0,Ground_truth,G10
57,0,Ground_truth,G10
59,0,Ground_truth,G10
62,0,Ground_truth,G10
63,0,Ground_truth,G10
65,0,Ground_truth,G10
68,0,Ground_truth,G10
44,1,reliance_pattern,G10
48,1,reliance_pattern,G10
49,1,reliance_pattern,G10
50,1,reliance_pattern,G10
51,0,reliance_pattern,G10
52,1,reliance_pattern,G10
53,1,reliance_pattern,G10
54,1,reliance_pattern,G10
55,1,reliance_pattern,G10
56,0,reliance_pattern,G10
57,0,reliance_pattern,G10
59,0,reliance_pattern,G10
62,1,reliance_pattern,G10
63,1,reliance_pattern,G10
65,1,reliance_pattern,G10
68,1,reliance_pattern,G10
44,5,initial_confidence,G11
48,4,initial_confidence,G11
49,5,initial_confidence,G11
50,2,initial_confidence,G11
51,5,initial_confidence,G11
52,5,initial_confidence,G11
53,4,initial_confidence,G11
54,2,initial_confidence,G11
55,3,initial_confidence,G11
56,2,initial_confidence,G11
57,4,initial_confidence,G11
59,5,initial_confidence,G11
62,5,initial_confidence,G11
63,5,initial_confidence,G11
65,5,initial_confidence,G11
68,4,initial_confidence,G11
44,3,complexity_perceived,G11
48,4,complexity_perceived,G11
49,3,complexity_perceived,G11
50,5,complexity_perceived,G11
51,1,complexity_perceived,G11
52,4,complexity_perceived,G11
53,2,complexity_perceived,G11
54,4,complexity_perceived,G11
55,4,complexity_perceived,G11
56,4,complexity_perceived,G11
57,2,complexity_perceived,G11
59,2,complexity_perceived,G11
62,3,complexity_perceived,G11
63,2,complexity_perceived,G11
65,2,complexity_perceived,G11
68,4,complexity_perceived,G11
44,5,final_confidence,G11
48,5,final_confidence,G11
49,4,final_confidence,G11
50,4,final_confidence,G11
51,6,final_confidence,G11
52,5,final_confidence,G11
53,5,final_confidence,G11
54,2,final_confidence,G11
55,4,final_confidence,G11
56,3,final_confidence,G11
57,4,final_confidence,G11
59,5,final_confidence,G11
62,5,final_confidence,G11
63,5,final_confidence,G11
65,5,final_confidence,G11
68,5,final_confidence,G11
44,2,utility,G11
48,4,utility,G11
49,1,utility,G11
50,4,utility,G11
51,1,utility,G11
52,5,utility,G11
53,2,utility,G11
54,3,utility,G11
55,2,utility,G11
56,3,utility,G11
57,3,utility,G11
59,1,utility,G11
62,3,utility,G11
63,2,utility,G11
65,1,utility,G11
68,3,utility,G11
44,0,Ground_truth,G11
48,0,Ground_truth,G11
49,0,Ground_truth,G11
50,0,Ground_truth,G11
51,0,Ground_truth,G11
52,0,Ground_truth,G11
53,0,Ground_truth,G11
54,0,Ground_truth,G11
55,0,Ground_truth,G11
56,0,Ground_truth,G11
57,0,Ground_truth,G11
59,0,Ground_truth,G11
62,0,Ground_truth,G11
63,0,Ground_truth,G11
65,0,Ground_truth,G11
68,0,Ground_truth,G11
44,1,reliance_pattern,G11
48,1,reliance_pattern,G11
49,0,reliance_pattern,G11
50,0,reliance_pattern,G11
51,1,reliance_pattern,G11
52,1,reliance_pattern,G11
53,1,reliance_pattern,G11
54,0,reliance_pattern,G11
55,1,reliance_pattern,G11
56,0,reliance_pattern,G11
57,1,reliance_pattern,G11
59,1,reliance_pattern,G11
62,1,reliance_pattern,G11
63,1,reliance_pattern,G11
65,1,reliance_pattern,G11
68,1,reliance_pattern,G11
44,6,initial_confidence,G12
48,6,initial_confidence,G12
49,5,initial_confidence,G12
50,6,initial_confidence,G12
51,6,initial_confidence,G12
52,5,initial_confidence,G12
53,6,initial_confidence,G12
54,5,initial_confidence,G12
55,6,initial_confidence,G12
56,6,initial_confidence,G12
57,6,initial_confidence,G12
59,6,initial_confidence,G12
62,6,initial_confidence,G12
63,6,initial_confidence,G12
65,5,initial_confidence,G12
68,5,initial_confidence,G12
44,2,complexity_perceived,G12
48,1,complexity_perceived,G12
49,3,complexity_perceived,G12
50,1,complexity_perceived,G12
51,1,complexity_perceived,G12
52,3,complexity_perceived,G12
53,1,complexity_perceived,G12
54,2,complexity_perceived,G12
55,1,complexity_perceived,G12
56,1,complexity_perceived,G12
57,1,complexity_perceived,G12
59,1,complexity_perceived,G12
62,3,complexity_perceived,G12
63,1,complexity_perceived,G12
65,1,complexity_perceived,G12
68,1,complexity_perceived,G12
44,6,final_confidence,G12
48,6,final_confidence,G12
49,5,final_confidence,G12
50,6,final_confidence,G12
51,6,final_confidence,G12
52,5,final_confidence,G12
53,6,final_confidence,G12
54,6,final_confidence,G12
55,6,final_confidence,G12
56,6,final_confidence,G12
57,6,final_confidence,G12
59,6,final_confidence,G12
62,6,final_confidence,G12
63,5,final_confidence,G12
65,6,final_confidence,G12
68,6,final_confidence,G12
44,4,utility,G12
48,5,utility,G12
49,5,utility,G12
50,5,utility,G12
51,2,utility,G12
52,4,utility,G12
53,1,utility,G12
54,3,utility,G12
55,2,utility,G12
56,2,utility,G12
57,4,utility,G12
59,1,utility,G12
62,3,utility,G12
63,1,utility,G12
65,4,utility,G12
68,2,utility,G12
44,1,Ground_truth,G12
48,1,Ground_truth,G12
49,1,Ground_truth,G12
50,1,Ground_truth,G12
51,1,Ground_truth,G12
52,1,Ground_truth,G12
53,1,Ground_truth,G12
54,1,Ground_truth,G12
55,1,Ground_truth,G12
56,1,Ground_truth,G12
57,1,Ground_truth,G12
59,1,Ground_truth,G12
62,1,Ground_truth,G12
63,1,Ground_truth,G12
65,1,Ground_truth,G12
68,1,Ground_truth,G12
44,1,reliance_pattern,G12
48,1,reliance_pattern,G12
49,1,reliance_pattern,G12
50,1,reliance_pattern,G12
51,1,reliance_pattern,G12
52,1,reliance_pattern,G12
53,1,reliance_pattern,G12
54,1,reliance_pattern,G12
55,1,reliance_pattern,G12
56,1,reliance_pattern,G12
57,1,reliance_pattern,G12
59,1,reliance_pattern,G12
62,1,reliance_pattern,G12
63,1,reliance_pattern,G12
65,1,reliance_pattern,G12
68,1,reliance_pattern,G12
44,6,initial_confidence,G13
48,5,initial_confidence,G13
49,6,initial_confidence,G13
50,6,initial_confidence,G13
51,5,initial_confidence,G13
52,5,initial_confidence,G13
53,6,initial_confidence,G13
54,6,initial_confidence,G13
55,5,initial_confidence,G13
56,6,initial_confidence,G13
57,6,initial_confidence,G13
59,6,initial_confidence,G13
62,6,initial_confidence,G13
63,5,initial_confidence,G13
65,5,initial_confidence,G13
68,5,initial_confidence,G13
44,2,complexity_perceived,G13
48,2,complexity_perceived,G13
49,2,complexity_perceived,G13
50,1,complexity_perceived,G13
51,2,complexity_perceived,G13
52,3,complexity_perceived,G13
53,1,complexity_perceived,G13
54,1,complexity_perceived,G13
55,1,complexity_perceived,G13
56,1,complexity_perceived,G13
57,1,complexity_perceived,G13
59,1,complexity_perceived,G13
62,3,complexity_perceived,G13
63,1,complexity_perceived,G13
65,2,complexity_perceived,G13
68,2,complexity_perceived,G13
44,6,final_confidence,G13
48,6,final_confidence,G13
49,6,final_confidence,G13
50,6,final_confidence,G13
51,5,final_confidence,G13
52,5,final_confidence,G13
53,6,final_confidence,G13
54,6,final_confidence,G13
55,5,final_confidence,G13
56,6,final_confidence,G13
57,6,final_confidence,G13
59,6,final_confidence,G13
62,6,final_confidence,G13
63,5,final_confidence,G13
65,6,final_confidence,G13
68,6,final_confidence,G13
44,4,utility,G13
48,4,utility,G13
49,3,utility,G13
50,2,utility,G13
51,3,utility,G13
52,4,utility,G13
53,1,utility,G13
54,2,utility,G13
55,2,utility,G13
56,2,utility,G13
57,3,utility,G13
59,1,utility,G13
62,3,utility,G13
63,1,utility,G13
65,4,utility,G13
68,3,utility,G13
44,1,Ground_truth,G13
48,1,Ground_truth,G13
49,1,Ground_truth,G13
50,1,Ground_truth,G13
51,1,Ground_truth,G13
52,1,Ground_truth,G13
53,1,Ground_truth,G13
54,1,Ground_truth,G13
55,1,Ground_truth,G13
56,1,Ground_truth,G13
57,1,Ground_truth,G13
59,1,Ground_truth,G13
62,1,Ground_truth,G13
63,1,Ground_truth,G13
65,1,Ground_truth,G13
68,1,Ground_truth,G13
44,1,reliance_pattern,G13
48,1,reliance_pattern,G13
49,1,reliance_pattern,G13
50,1,reliance_pattern,G13
51,1,reliance_pattern,G13
52,1,reliance_pattern,G13
53,1,reliance_pattern,G13
54,1,reliance_pattern,G13
55,1,reliance_pattern,G13
56,1,reliance_pattern,G13
57,1,reliance_pattern,G13
59,1,reliance_pattern,G13
62,1,reliance_pattern,G13
63,1,reliance_pattern,G13
65,1,reliance_pattern,G13
68,1,reliance_pattern,G13
44,4,initial_confidence,G14
48,4,initial_confidence,G14
49,4,initial_confidence,G14
50,5,initial_confidence,G14
51,6,initial_confidence,G14
52,5,initial_confidence,G14
53,4,initial_confidence,G14
54,4,initial_confidence,G14
55,5,initial_confidence,G14
56,4,initial_confidence,G14
57,5,initial_confidence,G14
59,5,initial_confidence,G14
62,6,initial_confidence,G14
63,6,initial_confidence,G14
65,4,initial_confidence,G14
68,4,initial_confidence,G14
44,4,complexity_perceived,G14
48,3,complexity_perceived,G14
49,4,complexity_perceived,G14
50,3,complexity_perceived,G14
51,1,complexity_perceived,G14
52,3,complexity_perceived,G14
53,2,complexity_perceived,G14
54,2,complexity_perceived,G14
55,2,complexity_perceived,G14
56,4,complexity_perceived,G14
57,3,complexity_perceived,G14
59,2,complexity_perceived,G14
62,3,complexity_perceived,G14
63,1,complexity_perceived,G14
65,4,complexity_perceived,G14
68,3,complexity_perceived,G14
44,4,final_confidence,G14
48,5,final_confidence,G14
49,4,final_confidence,G14
50,4,final_confidence,G14
51,6,final_confidence,G14
52,5,final_confidence,G14
53,4,final_confidence,G14
54,5,final_confidence,G14
55,4,final_confidence,G14
56,4,final_confidence,G14
57,5,final_confidence,G14
59,5,final_confidence,G14
62,6,final_confidence,G14
63,6,final_confidence,G14
65,5,final_confidence,G14
68,5,final_confidence,G14
44,4,utility,G14
48,4,utility,G14
49,2,utility,G14
50,2,utility,G14
51,2,utility,G14
52,3,utility,G14
53,4,utility,G14
54,3,utility,G14
55,2,utility,G14
56,1,utility,G14
57,2,utility,G14
59,1,utility,G14
62,3,utility,G14
63,1,utility,G14
65,3,utility,G14
68,2,utility,G14
44,0,Ground_truth,G14
48,0,Ground_truth,G14
49,0,Ground_truth,G14
50,0,Ground_truth,G14
51,0,Ground_truth,G14
52,0,Ground_truth,G14
53,0,Ground_truth,G14
54,0,Ground_truth,G14
55,0,Ground_truth,G14
56,0,Ground_truth,G14
57,0,Ground_truth,G14
59,0,Ground_truth,G14
62,0,Ground_truth,G14
63,0,Ground_truth,G14
65,0,Ground_truth,G14
68,0,Ground_truth,G14
44,1,reliance_pattern,G14
48,1,reliance_pattern,G14
49,1,reliance_pattern,G14
50,1,reliance_pattern,G14
51,1,reliance_pattern,G14
52,1,reliance_pattern,G14
53,1,reliance_pattern,G14
54,1,reliance_pattern,G14
55,1,reliance_pattern,G14
56,1,reliance_pattern,G14
57,1,reliance_pattern,G14
59,1,reliance_pattern,G14
62,1,reliance_pattern,G14
63,1,reliance_pattern,G14
65,1,reliance_pattern,G14
68,0,reliance_pattern,G14
44,4,initial_confidence,G15
48,4,initial_confidence,G15
49,3,initial_confidence,G15
50,5,initial_confidence,G15
51,5,initial_confidence,G15
52,5,initial_confidence,G15
53,4,initial_confidence,G15
54,3,initial_confidence,G15
55,5,initial_confidence,G15
56,2,initial_confidence,G15
57,4,initial_confidence,G15
59,3,initial_confidence,G15
62,6,initial_confidence,G15
63,5,initial_confidence,G15
65,5,initial_confidence,G15
68,4,initial_confidence,G15
44,4,complexity_perceived,G15
48,3,complexity_perceived,G15
49,4,complexity_perceived,G15
50,2,complexity_perceived,G15
51,2,complexity_perceived,G15
52,3,complexity_perceived,G15
53,3,complexity_perceived,G15
54,3,complexity_perceived,G15
55,3,complexity_perceived,G15
56,4,complexity_perceived,G15
57,3,complexity_perceived,G15
59,5,complexity_perceived,G15
62,3,complexity_perceived,G15
63,1,complexity_perceived,G15
65,2,complexity_perceived,G15
68,3,complexity_perceived,G15
44,4,final_confidence,G15
48,5,final_confidence,G15
49,2,final_confidence,G15
50,5,final_confidence,G15
51,4,final_confidence,G15
52,5,final_confidence,G15
53,4,final_confidence,G15
54,4,final_confidence,G15
55,4,final_confidence,G15
56,2,final_confidence,G15
57,6,final_confidence,G15
59,3,final_confidence,G15
62,6,final_confidence,G15
63,6,final_confidence,G15
65,6,final_confidence,G15
68,4,final_confidence,G15
44,3,utility,G15
48,4,utility,G15
49,3,utility,G15
50,2,utility,G15
51,2,utility,G15
52,4,utility,G15
53,2,utility,G15
54,3,utility,G15
55,2,utility,G15
56,2,utility,G15
57,3,utility,G15
59,1,utility,G15
62,3,utility,G15
63,1,utility,G15
65,3,utility,G15
68,3,utility,G15
44,0,Ground_truth,G15
48,0,Ground_truth,G15
49,0,Ground_truth,G15
50,0,Ground_truth,G15
51,0,Ground_truth,G15
52,0,Ground_truth,G15
53,0,Ground_truth,G15
54,0,Ground_truth,G15
55,0,Ground_truth,G15
56,0,Ground_truth,G15
57,0,Ground_truth,G15
59,0,Ground_truth,G15
62,0,Ground_truth,G15
63,0,Ground_truth,G15
65,0,Ground_truth,G15
68,0,Ground_truth,G15
44,1,reliance_pattern,G15
48,1,reliance_pattern,G15
49,1,reliance_pattern,G15
50,1,reliance_pattern,G15
51,1,reliance_pattern,G15
52,1,reliance_pattern,G15
53,1,reliance_pattern,G15
54,1,reliance_pattern,G15
55,1,reliance_pattern,G15
56,0,reliance_pattern,G15
57,1,reliance_pattern,G15
59,0,reliance_pattern,G15
62,1,reliance_pattern,G15
63,1,reliance_pattern,G15
65,1,reliance_pattern,G15
68,1,reliance_pattern,G15
44,4,initial_confidence,G16
48,3,initial_confidence,G16
49,3,initial_confidence,G16
50,3,initial_confidence,G16
51,5,initial_confidence,G16
52,4,initial_confidence,G16
53,4,initial_confidence,G16
54,3,initial_confidence,G16
55,4,initial_confidence,G16
56,3,initial_confidence,G16
57,4,initial_confidence,G16
59,2,initial_confidence,G16
62,5,initial_confidence,G16
63,5,initial_confidence,G16
65,3,initial_confidence,G16
68,2,initial_confidence,G16
44,4,complexity_perceived,G16
48,4,complexity_perceived,G16
49,3,complexity_perceived,G16
50,5,complexity_perceived,G16
51,2,complexity_perceived,G16
52,4,complexity_perceived,G16
53,3,complexity_perceived,G16
54,4,complexity_perceived,G16
55,4,complexity_perceived,G16
56,3,complexity_perceived,G16
57,4,complexity_perceived,G16
59,5,complexity_perceived,G16
62,3,complexity_perceived,G16
63,1,complexity_perceived,G16
65,4,complexity_perceived,G16
68,5,complexity_perceived,G16
44,3,final_confidence,G16
48,4,final_confidence,G16
49,3,final_confidence,G16
50,5,final_confidence,G16
51,5,final_confidence,G16
52,4,final_confidence,G16
53,4,final_confidence,G16
54,4,final_confidence,G16
55,4,final_confidence,G16
56,4,final_confidence,G16
57,4,final_confidence,G16
59,2,final_confidence,G16
62,5,final_confidence,G16
63,6,final_confidence,G16
65,5,final_confidence,G16
68,4,final_confidence,G16
44,4,utility,G16
48,4,utility,G16
49,3,utility,G16
50,5,utility,G16
51,3,utility,G16
52,4,utility,G16
53,4,utility,G16
54,4,utility,G16
55,2,utility,G16
56,4,utility,G16
57,3,utility,G16
59,1,utility,G16
62,3,utility,G16
63,1,utility,G16
65,4,utility,G16
68,4,utility,G16
44,0,Ground_truth,G16
48,0,Ground_truth,G16
49,0,Ground_truth,G16
50,0,Ground_truth,G16
51,0,Ground_truth,G16
52,0,Ground_truth,G16
53,0,Ground_truth,G16
54,0,Ground_truth,G16
55,0,Ground_truth,G16
56,0,Ground_truth,G16
57,0,Ground_truth,G16
59,0,Ground_truth,G16
62,0,Ground_truth,G16
63,0,Ground_truth,G16
65,0,Ground_truth,G16
68,0,Ground_truth,G16
44,0,reliance_pattern,G16
48,0,reliance_pattern,G16
49,0,reliance_pattern,G16
50,0,reliance_pattern,G16
51,1,reliance_pattern,G16
52,1,reliance_pattern,G16
53,1,reliance_pattern,G16
54,0,reliance_pattern,G16
55,1,reliance_pattern,G16
56,0,reliance_pattern,G16
57,0,reliance_pattern,G16
59,1,reliance_pattern,G16
62,1,reliance_pattern,G16
63,1,reliance_pattern,G16
65,1,reliance_pattern,G16
68,0,reliance_pattern,G16
44,4,initial_confidence,G17
48,4,initial_confidence,G17
49,3,initial_confidence,G17
50,5,initial_confidence,G17
51,5,initial_confidence,G17
52,4,initial_confidence,G17
53,3,initial_confidence,G17
54,3,initial_confidence,G17
55,5,initial_confidence,G17
56,2,initial_confidence,G17
57,4,initial_confidence,G17
59,5,initial_confidence,G17
62,5,initial_confidence,G17
63,6,initial_confidence,G17
65,2,initial_confidence,G17
68,4,initial_confidence,G17
44,4,complexity_perceived,G17
48,4,complexity_perceived,G17
49,3,complexity_perceived,G17
50,2,complexity_perceived,G17
51,2,complexity_perceived,G17
52,3,complexity_perceived,G17
53,3,complexity_perceived,G17
54,4,complexity_perceived,G17
55,2,complexity_perceived,G17
56,4,complexity_perceived,G17
57,3,complexity_perceived,G17
59,2,complexity_perceived,G17
62,3,complexity_perceived,G17
63,1,complexity_perceived,G17
65,5,complexity_perceived,G17
68,3,complexity_perceived,G17
44,5,final_confidence,G17
48,5,final_confidence,G17
49,3,final_confidence,G17
50,5,final_confidence,G17
51,5,final_confidence,G17
52,5,final_confidence,G17
53,4,final_confidence,G17
54,3,final_confidence,G17
55,5,final_confidence,G17
56,3,final_confidence,G17
57,4,final_confidence,G17
59,5,final_confidence,G17
62,5,final_confidence,G17
63,4,final_confidence,G17
65,4,final_confidence,G17
68,5,final_confidence,G17
44,4,utility,G17
48,5,utility,G17
49,4,utility,G17
50,1,utility,G17
51,1,utility,G17
52,4,utility,G17
53,4,utility,G17
54,4,utility,G17
55,1,utility,G17
56,3,utility,G17
57,5,utility,G17
59,2,utility,G17
62,3,utility,G17
63,2,utility,G17
65,4,utility,G17
68,4,utility,G17
44,0,Ground_truth,G17
48,0,Ground_truth,G17
49,0,Ground_truth,G17
50,0,Ground_truth,G17
51,0,Ground_truth,G17
52,0,Ground_truth,G17
53,0,Ground_truth,G17
54,0,Ground_truth,G17
55,0,Ground_truth,G17
56,0,Ground_truth,G17
57,0,Ground_truth,G17
59,0,Ground_truth,G17
62,0,Ground_truth,G17
63,0,Ground_truth,G17
65,0,Ground_truth,G17
68,0,Ground_truth,G17
44,1,reliance_pattern,G17
48,1,reliance_pattern,G17
49,0,reliance_pattern,G17
50,1,reliance_pattern,G17
51,1,reliance_pattern,G17
52,1,reliance_pattern,G17
53,1,reliance_pattern,G17
54,1,reliance_pattern,G17
55,1,reliance_pattern,G17
56,0,reliance_pattern,G17
57,1,reliance_pattern,G17
59,1,reliance_pattern,G17
62,1,reliance_pattern,G17
63,1,reliance_pattern,G17
65,1,reliance_pattern,G17
68,1,reliance_pattern,G17
44,4,initial_confidence,G18
48,3,initial_confidence,G18
49,3,initial_confidence,G18
50,5,initial_confidence,G18
51,4,initial_confidence,G18
52,4,initial_confidence,G18
53,4,initial_confidence,G18
54,5,initial_confidence,G18
55,5,initial_confidence,G18
56,3,initial_confidence,G18
57,5,initial_confidence,G18
59,4,initial_confidence,G18
62,5,initial_confidence,G18
63,6,initial_confidence,G18
65,4,initial_confidence,G18
68,3,initial_confidence,G18
44,4,complexity_perceived,G18
48,5,complexity_perceived,G18
49,3,complexity_perceived,G18
50,2,complexity_perceived,G18
51,3,complexity_perceived,G18
52,3,complexity_perceived,G18
53,2,complexity_perceived,G18
54,3,complexity_perceived,G18
55,2,complexity_perceived,G18
56,3,complexity_perceived,G18
57,3,complexity_perceived,G18
59,2,complexity_perceived,G18
62,3,complexity_perceived,G18
63,1,complexity_perceived,G18
65,4,complexity_perceived,G18
68,4,complexity_perceived,G18
44,5,final_confidence,G18
48,4,final_confidence,G18
49,3,final_confidence,G18
50,5,final_confidence,G18
51,4,final_confidence,G18
52,5,final_confidence,G18
53,5,final_confidence,G18
54,5,final_confidence,G18
55,5,final_confidence,G18
56,4,final_confidence,G18
57,5,final_confidence,G18
59,4,final_confidence,G18
62,6,final_confidence,G18
63,5,final_confidence,G18
65,5,final_confidence,G18
68,5,final_confidence,G18
44,5,utility,G18
48,5,utility,G18
49,2,utility,G18
50,1,utility,G18
51,3,utility,G18
52,4,utility,G18
53,4,utility,G18
54,2,utility,G18
55,1,utility,G18
56,2,utility,G18
57,4,utility,G18
59,2,utility,G18
62,3,utility,G18
63,1,utility,G18
65,5,utility,G18
68,4,utility,G18
44,0,Ground_truth,G18
48,0,Ground_truth,G18
49,0,Ground_truth,G18
50,0,Ground_truth,G18
51,0,Ground_truth,G18
52,0,Ground_truth,G18
53,0,Ground_truth,G18
54,0,Ground_truth,G18
55,0,Ground_truth,G18
56,0,Ground_truth,G18
57,0,Ground_truth,G18
59,0,Ground_truth,G18
62,0,Ground_truth,G18
63,0,Ground_truth,G18
65,0,Ground_truth,G18
68,0,Ground_truth,G18
44,1,reliance_pattern,G18
48,1,reliance_pattern,G18
49,0,reliance_pattern,G18
50,1,reliance_pattern,G18
51,1,reliance_pattern,G18
52,1,reliance_pattern,G18
53,0,reliance_pattern,G18
54,1,reliance_pattern,G18
55,1,reliance_pattern,G18
56,1,reliance_pattern,G18
57,1,reliance_pattern,G18
59,1,reliance_pattern,G18
62,1,reliance_pattern,G18
63,1,reliance_pattern,G18
65,1,reliance_pattern,G18
68,1,reliance_pattern,G18
44,0,correct_human_first_decision,G1
48,0,correct_human_first_decision,G1
49,1,correct_human_first_decision,G1
50,0,correct_human_first_decision,G1
51,1,correct_human_first_decision,G1
52,0,correct_human_first_decision,G1
53,1,correct_human_first_decision,G1
54,0,correct_human_first_decision,G1
55,1,correct_human_first_decision,G1
56,1,correct_human_first_decision,G1
57,1,correct_human_first_decision,G1
59,0,correct_human_first_decision,G1
62,0,correct_human_first_decision,G1
63,0,correct_human_first_decision,G1
65,1,correct_human_first_decision,G1
68,0,correct_human_first_decision,G1
44,1,correct_human_first_decision,G2
48,1,correct_human_first_decision,G2
49,0,correct_human_first_decision,G2
50,1,correct_human_first_decision,G2
51,0,correct_human_first_decision,G2
52,1,correct_human_first_decision,G2
53,0,correct_human_first_decision,G2
54,0,correct_human_first_decision,G2
55,0,correct_human_first_decision,G2
56,0,correct_human_first_decision,G2
57,0,correct_human_first_decision,G2
59,1,correct_human_first_decision,G2
62,1,correct_human_first_decision,G2
63,0,correct_human_first_decision,G2
65,1,correct_human_first_decision,G2
68,1,correct_human_first_decision,G2
44,1,correct_human_first_decision,G3
48,1,correct_human_first_decision,G3
49,1,correct_human_first_decision,G3
50,1,correct_human_first_decision,G3
51,1,correct_human_first_decision,G3
52,1,correct_human_first_decision,G3
53,1,correct_human_first_decision,G3
54,1,correct_human_first_decision,G3
55,1,correct_human_first_decision,G3
56,1,correct_human_first_decision,G3
57,1,correct_human_first_decision,G3
59,1,correct_human_first_decision,G3
62,1,correct_human_first_decision,G3
63,1,correct_human_first_decision,G3
65,1,correct_human_first_decision,G3
68,1,correct_human_first_decision,G3
44,1,correct_human_first_decision,G4
48,1,correct_human_first_decision,G4
49,1,correct_human_first_decision,G4
50,1,correct_human_first_decision,G4
51,1,correct_human_first_decision,G4
52,1,correct_human_first_decision,G4
53,1,correct_human_first_decision,G4
54,1,correct_human_first_decision,G4
55,1,correct_human_first_decision,G4
56,1,correct_human_first_decision,G4
57,1,correct_human_first_decision,G4
59,1,correct_human_first_decision,G4
62,1,correct_human_first_decision,G4
63,1,correct_human_first_decision,G4
65,1,correct_human_first_decision,G4
68,1,correct_human_first_decision,G4
44,1,correct_human_first_decision,G5
48,1,correct_human_first_decision,G5
49,0,correct_human_first_decision,G5
50,1,correct_human_first_decision,G5
51,1,correct_human_first_decision,G5
52,1,correct_human_first_decision,G5
53,1,correct_human_first_decision,G5
54,1,correct_human_first_decision,G5
55,1,correct_human_first_decision,G5
56,1,correct_human_first_decision,G5
57,1,correct_human_first_decision,G5
59,1,correct_human_first_decision,G5
62,1,correct_human_first_decision,G5
63,1,correct_human_first_decision,G5
65,1,correct_human_first_decision,G5
68,1,correct_human_first_decision,G5
44,1,correct_human_first_decision,G6
48,0,correct_human_first_decision,G6
49,1,correct_human_first_decision,G6
50,1,correct_human_first_decision,G6
51,1,correct_human_first_decision,G6
52,1,correct_human_first_decision,G6
53,1,correct_human_first_decision,G6
54,1,correct_human_first_decision,G6
55,1,correct_human_first_decision,G6
56,1,correct_human_first_decision,G6
57,1,correct_human_first_decision,G6
59,1,correct_human_first_decision,G6
62,0,correct_human_first_decision,G6
63,1,correct_human_first_decision,G6
65,0,correct_human_first_decision,G6
68,1,correct_human_first_decision,G6
44,1,correct_human_first_decision,G7
48,1,correct_human_first_decision,G7
49,1,correct_human_first_decision,G7
50,1,correct_human_first_decision,G7
51,1,correct_human_first_decision,G7
52,1,correct_human_first_decision,G7
53,1,correct_human_first_decision,G7
54,1,correct_human_first_decision,G7
55,1,correct_human_first_decision,G7
56,1,correct_human_first_decision,G7
57,1,correct_human_first_decision,G7
59,1,correct_human_first_decision,G7
62,1,correct_human_first_decision,G7
63,1,correct_human_first_decision,G7
65,1,correct_human_first_decision,G7
68,1,correct_human_first_decision,G7
44,1,correct_human_first_decision,G8
48,1,correct_human_first_decision,G8
49,1,correct_human_first_decision,G8
50,1,correct_human_first_decision,G8
51,0,correct_human_first_decision,G8
52,1,correct_human_first_decision,G8
53,1,correct_human_first_decision,G8
54,0,correct_human_first_decision,G8
55,0,correct_human_first_decision,G8
56,1,correct_human_first_decision,G8
57,0,correct_human_first_decision,G8
59,1,correct_human_first_decision,G8
62,0,correct_human_first_decision,G8
63,1,correct_human_first_decision,G8
65,0,correct_human_first_decision,G8
68,1,correct_human_first_decision,G8
44,0,correct_human_first_decision,G9
48,0,correct_human_first_decision,G9
49,1,correct_human_first_decision,G9
50,1,correct_human_first_decision,G9
51,1,correct_human_first_decision,G9
52,1,correct_human_first_decision,G9
53,1,correct_human_first_decision,G9
54,1,correct_human_first_decision,G9
55,0,correct_human_first_decision,G9
56,1,correct_human_first_decision,G9
57,1,correct_human_first_decision,G9
59,1,correct_human_first_decision,G9
62,0,correct_human_first_decision,G9
63,1,correct_human_first_decision,G9
65,0,correct_human_first_decision,G9
68,0,correct_human_first_decision,G9
44,1,correct_human_first_decision,G10
48,1,correct_human_first_decision,G10
49,1,correct_human_first_decision,G10
50,1,correct_human_first_decision,G10
51,1,correct_human_first_decision,G10
52,1,correct_human_first_decision,G10
53,1,correct_human_first_decision,G10
54,1,correct_human_first_decision,G10
55,1,correct_human_first_decision,G10
56,1,correct_human_first_decision,G10
57,0,correct_human_first_decision,G10
59,0,correct_human_first_decision,G10
62,1,correct_human_first_decision,G10
63,1,correct_human_first_decision,G10
65,1,correct_human_first_decision,G10
68,1,correct_human_first_decision,G10
44,1,correct_human_first_decision,G11
48,1,correct_human_first_decision,G11
49,0,correct_human_first_decision,G11
50,0,correct_human_first_decision,G11
51,1,correct_human_first_decision,G11
52,1,correct_human_first_decision,G11
53,1,correct_human_first_decision,G11
54,0,correct_human_first_decision,G11
55,1,correct_human_first_decision,G11
56,1,correct_human_first_decision,G11
57,1,correct_human_first_decision,G11
59,1,correct_human_first_decision,G11
62,1,correct_human_first_decision,G11
63,1,correct_human_first_decision,G11
65,1,correct_human_first_decision,G11
68,1,correct_human_first_decision,G11
44,1,correct_human_first_decision,G12
48,1,correct_human_first_decision,G12
49,1,correct_human_first_decision,G12
50,1,correct_human_first_decision,G12
51,1,correct_human_first_decision,G12
52,1,correct_human_first_decision,G12
53,1,correct_human_first_decision,G12
54,1,correct_human_first_decision,G12
55,1,correct_human_first_decision,G12
56,1,correct_human_first_decision,G12
57,1,correct_human_first_decision,G12
59,1,correct_human_first_decision,G12
62,1,correct_human_first_decision,G12
63,1,correct_human_first_decision,G12
65,1,correct_human_first_decision,G12
68,1,correct_human_first_decision,G12
44,1,correct_human_first_decision,G13
48,1,correct_human_first_decision,G13
49,1,correct_human_first_decision,G13
50,1,correct_human_first_decision,G13
51,1,correct_human_first_decision,G13
52,1,correct_human_first_decision,G13
53,1,correct_human_first_decision,G13
54,1,correct_human_first_decision,G13
55,1,correct_human_first_decision,G13
56,1,correct_human_first_decision,G13
57,1,correct_human_first_decision,G13
59,1,correct_human_first_decision,G13
62,1,correct_human_first_decision,G13
63,1,correct_human_first_decision,G13
65,1,correct_human_first_decision,G13
68,1,correct_human_first_decision,G13
44,1,correct_human_first_decision,G14
48,1,correct_human_first_decision,G14
49,1,correct_human_first_decision,G14
50,1,correct_human_first_decision,G14
51,1,correct_human_first_decision,G14
52,1,correct_human_first_decision,G14
53,1,correct_human_first_decision,G14
54,1,correct_human_first_decision,G14
55,1,correct_human_first_decision,G14
56,1,correct_human_first_decision,G14
57,1,correct_human_first_decision,G14
59,1,correct_human_first_decision,G14
62,1,correct_human_first_decision,G14
63,1,correct_human_first_decision,G14
65,1,correct_human_first_decision,G14
68,0,correct_human_first_decision,G14
44,1,correct_human_first_decision,G15
48,1,correct_human_first_decision,G15
49,0,correct_human_first_decision,G15
50,1,correct_human_first_decision,G15
51,1,correct_human_first_decision,G15
52,1,correct_human_first_decision,G15
53,1,correct_human_first_decision,G15
54,1,correct_human_first_decision,G15
55,1,correct_human_first_decision,G15
56,0,correct_human_first_decision,G15
57,1,correct_human_first_decision,G15
59,0,correct_human_first_decision,G15
62,1,correct_human_first_decision,G15
63,1,correct_human_first_decision,G15
65,1,correct_human_first_decision,G15
68,1,correct_human_first_decision,G15
44,1,correct_human_first_decision,G16
48,0,correct_human_first_decision,G16
49,0,correct_human_first_decision,G16
50,0,correct_human_first_decision,G16
51,1,correct_human_first_decision,G16
52,1,correct_human_first_decision,G16
53,1,correct_human_first_decision,G16
54,0,correct_human_first_decision,G16
55,1,correct_human_first_decision,G16
56,0,correct_human_first_decision,G16
57,0,correct_human_first_decision,G16
59,1,correct_human_first_decision,G16
62,1,correct_human_first_decision,G16
63,1,correct_human_first_decision,G16
65,1,correct_human_first_decision,G16
68,0,correct_human_first_decision,G16
44,1,correct_human_first_decision,G17
48,1,correct_human_first_decision,G17
49,1,correct_human_first_decision,G17
50,1,correct_human_first_decision,G17
51,1,correct_human_first_decision,G17
52,1,correct_human_first_decision,G17
53,1,correct_human_first_decision,G17
54,1,correct_human_first_decision,G17
55,1,correct_human_first_decision,G17
56,0,correct_human_first_decision,G17
57,1,correct_human_first_decision,G17
59,1,correct_human_first_decision,G17
62,1,correct_human_first_decision,G17
63,1,correct_human_first_decision,G17
65,0,correct_human_first_decision,G17
68,1,correct_human_first_decision,G17
44,1,correct_human_first_decision,G18
48,1,correct_human_first_decision,G18
49,0,correct_human_first_decision,G18
50,1,correct_human_first_decision,G18
51,1,correct_human_first_decision,G18
52,1,correct_human_first_decision,G18
53,0,correct_human_first_decision,G18
54,1,correct_human_first_decision,G18
55,1,correct_human_first_decision,G18
56,1,correct_human_first_decision,G18
57,1,correct_human_first_decision,G18
59,1,correct_human_first_decision,G18
62,1,correct_human_first_decision,G18
63,1,correct_human_first_decision,G18
65,1,correct_human_first_decision,G18
68,1,correct_human_first_decision,G18
44,0,correct_human_final_decision,G1
48,0,correct_human_final_decision,G1
49,1,correct_human_final_decision,G1
50,0,correct_human_final_decision,G1
51,1,correct_human_final_decision,G1
52,1,correct_human_final_decision,G1
53,1,correct_human_final_decision,G1
54,0,correct_human_final_decision,G1
55,1,correct_human_final_decision,G1
56,1,correct_human_final_decision,G1
57,1,correct_human_final_decision,G1
59,0,correct_human_final_decision,G1
62,0,correct_human_final_decision,G1
63,0,correct_human_final_decision,G1
65,1,correct_human_final_decision,G1
68,0,correct_human_final_decision,G1
44,1,correct_human_final_decision,G2
48,1,correct_human_final_decision,G2
49,0,correct_human_final_decision,G2
50,1,correct_human_final_decision,G2
51,0,correct_human_final_decision,G2
52,1,correct_human_final_decision,G2
53,0,correct_human_final_decision,G2
54,0,correct_human_final_decision,G2
55,0,correct_human_final_decision,G2
56,0,correct_human_final_decision,G2
57,0,correct_human_final_decision,G2
59,1,correct_human_final_decision,G2
62,1,correct_human_final_decision,G2
63,0,correct_human_final_decision,G2
65,1,correct_human_final_decision,G2
68,1,correct_human_final_decision,G2
44,1,correct_human_final_decision,G3
48,1,correct_human_final_decision,G3
49,1,correct_human_final_decision,G3
50,1,correct_human_final_decision,G3
51,0,correct_human_final_decision,G3
52,1,correct_human_final_decision,G3
53,0,correct_human_final_decision,G3
54,1,correct_human_final_decision,G3
55,1,correct_human_final_decision,G3
56,1,correct_human_final_decision,G3
57,1,correct_human_final_decision,G3
59,1,correct_human_final_decision,G3
62,1,correct_human_final_decision,G3
63,1,correct_human_final_decision,G3
65,1,correct_human_final_decision,G3
68,1,correct_human_final_decision,G3
44,1,correct_human_final_decision,G4
48,1,correct_human_final_decision,G4
49,1,correct_human_final_decision,G4
50,1,correct_human_final_decision,G4
51,1,correct_human_final_decision,G4
52,1,correct_human_final_decision,G4
53,1,correct_human_final_decision,G4
54,1,correct_human_final_decision,G4
55,1,correct_human_final_decision,G4
56,1,correct_human_final_decision,G4
57,1,correct_human_final_decision,G4
59,1,correct_human_final_decision,G4
62,1,correct_human_final_decision,G4
63,1,correct_human_final_decision,G4
65,1,correct_human_final_decision,G4
68,1,correct_human_final_decision,G4
44,1,correct_human_final_decision,G5
48,1,correct_human_final_decision,G5
49,0,correct_human_final_decision,G5
50,1,correct_human_final_decision,G5
51,1,correct_human_final_decision,G5
52,1,correct_human_final_decision,G5
53,1,correct_human_final_decision,G5
54,1,correct_human_final_decision,G5
55,1,correct_human_final_decision,G5
56,1,correct_human_final_decision,G5
57,1,correct_human_final_decision,G5
59,1,correct_human_final_decision,G5
62,1,correct_human_final_decision,G5
63,1,correct_human_final_decision,G5
65,1,correct_human_final_decision,G5
68,1,correct_human_final_decision,G5
44,1,correct_human_final_decision,G6
48,1,correct_human_final_decision,G6
49,1,correct_human_final_decision,G6
50,1,correct_human_final_decision,G6
51,1,correct_human_final_decision,G6
52,1,correct_human_final_decision,G6
53,1,correct_human_final_decision,G6
54,1,correct_human_final_decision,G6
55,1,correct_human_final_decision,G6
56,1,correct_human_final_decision,G6
57,1,correct_human_final_decision,G6
59,1,correct_human_final_decision,G6
62,1,correct_human_final_decision,G6
63,1,correct_human_final_decision,G6
65,1,correct_human_final_decision,G6
68,1,correct_human_final_decision,G6
44,1,correct_human_final_decision,G7
48,1,correct_human_final_decision,G7
49,1,correct_human_final_decision,G7
50,1,correct_human_final_decision,G7
51,1,correct_human_final_decision,G7
52,1,correct_human_final_decision,G7
53,1,correct_human_final_decision,G7
54,1,correct_human_final_decision,G7
55,1,correct_human_final_decision,G7
56,1,correct_human_final_decision,G7
57,1,correct_human_final_decision,G7
59,1,correct_human_final_decision,G7
62,1,correct_human_final_decision,G7
63,1,correct_human_final_decision,G7
65,1,correct_human_final_decision,G7
68,1,correct_human_final_decision,G7
44,1,correct_human_final_decision,G8
48,1,correct_human_final_decision,G8
49,1,correct_human_final_decision,G8
50,1,correct_human_final_decision,G8
51,0,correct_human_final_decision,G8
52,1,correct_human_final_decision,G8
53,1,correct_human_final_decision,G8
54,1,correct_human_final_decision,G8
55,0,correct_human_final_decision,G8
56,1,correct_human_final_decision,G8
57,0,correct_human_final_decision,G8
59,1,correct_human_final_decision,G8
62,1,correct_human_final_decision,G8
63,1,correct_human_final_decision,G8
65,1,correct_human_final_decision,G8
68,1,correct_human_final_decision,G8
44,1,correct_human_final_decision,G9
48,0,correct_human_final_decision,G9
49,1,correct_human_final_decision,G9
50,1,correct_human_final_decision,G9
51,1,correct_human_final_decision,G9
52,1,correct_human_final_decision,G9
53,1,correct_human_final_decision,G9
54,1,correct_human_final_decision,G9
55,1,correct_human_final_decision,G9
56,1,correct_human_final_decision,G9
57,1,correct_human_final_decision,G9
59,1,correct_human_final_decision,G9
62,1,correct_human_final_decision,G9
63,1,correct_human_final_decision,G9
65,0,correct_human_final_decision,G9
68,0,correct_human_final_decision,G9
44,1,correct_human_final_decision,G10
48,1,correct_human_final_decision,G10
49,1,correct_human_final_decision,G10
50,1,correct_human_final_decision,G10
51,0,correct_human_final_decision,G10
52,1,correct_human_final_decision,G10
53,1,correct_human_final_decision,G10
54,1,correct_human_final_decision,G10
55,1,correct_human_final_decision,G10
56,0,correct_human_final_decision,G10
57,0,correct_human_final_decision,G10
59,0,correct_human_final_decision,G10
62,1,correct_human_final_decision,G10
63,1,correct_human_final_decision,G10
65,1,correct_human_final_decision,G10
68,1,correct_human_final_decision,G10
44,1,correct_human_final_decision,G11
48,1,correct_human_final_decision,G11
49,0,correct_human_final_decision,G11
50,0,correct_human_final_decision,G11
51,1,correct_human_final_decision,G11
52,1,correct_human_final_decision,G11
53,1,correct_human_final_decision,G11
54,0,correct_human_final_decision,G11
55,1,correct_human_final_decision,G11
56,0,correct_human_final_decision,G11
57,1,correct_human_final_decision,G11
59,1,correct_human_final_decision,G11
62,1,correct_human_final_decision,G11
63,1,correct_human_final_decision,G11
65,1,correct_human_final_decision,G11
68,1,correct_human_final_decision,G11
44,1,correct_human_final_decision,G12
48,1,correct_human_final_decision,G12
49,1,correct_human_final_decision,G12
50,1,correct_human_final_decision,G12
51,1,correct_human_final_decision,G12
52,1,correct_human_final_decision,G12
53,1,correct_human_final_decision,G12
54,1,correct_human_final_decision,G12
55,1,correct_human_final_decision,G12
56,1,correct_human_final_decision,G12
57,1,correct_human_final_decision,G12
59,1,correct_human_final_decision,G12
62,1,correct_human_final_decision,G12
63,1,correct_human_final_decision,G12
65,1,correct_human_final_decision,G12
68,1,correct_human_final_decision,G12
44,1,correct_human_final_decision,G13
48,1,correct_human_final_decision,G13
49,1,correct_human_final_decision,G13
50,1,correct_human_final_decision,G13
51,1,correct_human_final_decision,G13
52,1,correct_human_final_decision,G13
53,1,correct_human_final_decision,G13
54,1,correct_human_final_decision,G13
55,1,correct_human_final_decision,G13
56,1,correct_human_final_decision,G13
57,1,correct_human_final_decision,G13
59,1,correct_human_final_decision,G13
62,1,correct_human_final_decision,G13
63,1,correct_human_final_decision,G13
65,1,correct_human_final_decision,G13
68,1,correct_human_final_decision,G13
44,1,correct_human_final_decision,G14
48,1,correct_human_final_decision,G14
49,1,correct_human_final_decision,G14
50,1,correct_human_final_decision,G14
51,1,correct_human_final_decision,G14
52,1,correct_human_final_decision,G14
53,1,correct_human_final_decision,G14
54,1,correct_human_final_decision,G14
55,1,correct_human_final_decision,G14
56,1,correct_human_final_decision,G14
57,1,correct_human_final_decision,G14
59,1,correct_human_final_decision,G14
62,1,correct_human_final_decision,G14
63,1,correct_human_final_decision,G14
65,1,correct_human_final_decision,G14
68,0,correct_human_final_decision,G14
44,1,correct_human_final_decision,G15
48,1,correct_human_final_decision,G15
49,1,correct_human_final_decision,G15
50,1,correct_human_final_decision,G15
51,1,correct_human_final_decision,G15
52,1,correct_human_final_decision,G15
53,1,correct_human_final_decision,G15
54,1,correct_human_final_decision,G15
55,1,correct_human_final_decision,G15
56,0,correct_human_final_decision,G15
57,1,correct_human_final_decision,G15
59,0,correct_human_final_decision,G15
62,1,correct_human_final_decision,G15
63,1,correct_human_final_decision,G15
65,1,correct_human_final_decision,G15
68,1,correct_human_final_decision,G15
44,0,correct_human_final_decision,G16
48,0,correct_human_final_decision,G16
49,0,correct_human_final_decision,G16
50,0,correct_human_final_decision,G16
51,1,correct_human_final_decision,G16
52,1,correct_human_final_decision,G16
53,1,correct_human_final_decision,G16
54,0,correct_human_final_decision,G16
55,1,correct_human_final_decision,G16
56,0,correct_human_final_decision,G16
57,0,correct_human_final_decision,G16
59,1,correct_human_final_decision,G16
62,1,correct_human_final_decision,G16
63,1,correct_human_final_decision,G16
65,1,correct_human_final_decision,G16
68,0,correct_human_final_decision,G16
44,1,correct_human_final_decision,G17
48,1,correct_human_final_decision,G17
49,0,correct_human_final_decision,G17
50,1,correct_human_final_decision,G17
51,1,correct_human_final_decision,G17
52,1,correct_human_final_decision,G17
53,1,correct_human_final_decision,G17
54,1,correct_human_final_decision,G17
55,1,correct_human_final_decision,G17
56,0,correct_human_final_decision,G17
57,1,correct_human_final_decision,G17
59,1,correct_human_final_decision,G17
62,1,correct_human_final_decision,G17
63,1,correct_human_final_decision,G17
65,1,correct_human_final_decision,G17
68,1,correct_human_final_decision,G17
44,1,correct_human_final_decision,G18
48,1,correct_human_final_decision,G18
49,0,correct_human_final_decision,G18
50,1,correct_human_final_decision,G18
51,1,correct_human_final_decision,G18
52,1,correct_human_final_decision,G18
53,0,correct_human_final_decision,G18
54,1,correct_human_final_decision,G18
55,1,correct_human_final_decision,G18
56,1,correct_human_final_decision,G18
57,1,correct_human_final_decision,G18
59,1,correct_human_final_decision,G18
62,1,correct_human_final_decision,G18
63,1,correct_human_final_decision,G18
65,1,correct_human_final_decision,G18
68,1,correct_human_final_decision,G18
